concept_id,concept_name,decision_children,decision_adult,check
320128,Essential hypertension,NA,NA,t
81902,Urinary tract infectious disease,UTI_inf,UTI_inf,
4214962,Blood pressure finding,NA,NA,
432867,Hyperlipidemia,NA,NA,
254761,Cough,respiratory,respiratory,
197684,Dysuria,UTI,UTI,
4193704,Type 2 diabetes mellitus without complication,NA,NA,
200219,Abdominal pain,NA,NA,
4144111,Gastroesophageal reflux disease without esophagitis,NA,NA,
255573,Chronic obstructive lung disease,respiratory,respiratory,
201826,Type 2 diabetes mellitus,NA,NA,
194133,Low back pain,NA,NA,
260139,Acute bronchitis,respiratory,respiratory,t
255848,Pneumonia,respiratory_inf,respiratory_inf,t
312437,Dyspnea,respiratory,respiratory,
442077,Anxiety disorder,NA,NA,
140673,Hypothyroidism,NA,NA,
4209423,Nicotine dependence,NA,NA,
764123,Atherosclerosis of coronary artery without angina pectoris,NA,NA,
196523,Diarrhea,GI,GI,
437663,Fever,infection,infection,
257011,Acute upper respiratoryiratory infection,respiratory_inf,respiratory_inf,
260123,Acute sinusitis,respiratory_inf,respiratory_inf,
200843,Finding of frequency of urination,UTI,UTI,
438720,Mixed hyperlipidemia,NA,NA,
4055822,Urine glucose test negative,NA,NA,
40480457,Evaluation finding,NA,NA,
433736,Obesity,NA,NA,
194081,Acute cystitis,UTI_inf,UTI_inf,
439777,Anemia,NA,NA,
4266809,Diverticular disease,GI,GI,
4282096,"Major depression, single episode",NA,NA,
437827,Pure hypercholesterolemia,NA,NA,
443211,Benign prostatic hypertrophy with outflow obstruction,NA,NA,
257004,Acute exacerbation of chronic obstructive airways disease,respiratory,respiratory,t
77670,Chest pain,NA,NA,
4223659,Fatigue,NA,NA,
201620,Kidney stone,NA,NA,
201618,Disorder of intestine,GI,GI,t
197320,Acute renal failure syndrome,NA,NA,
79864,Hematuria syndrome,UTI,UTI,
380731,Otitis externa,ENT_inf,ENT_inf,
132797,Sepsis,bloodstream_inf,bloodstream_inf,
37016349,Hyperglycemia due to type 2 diabetes mellitus,NA,NA,
0,No matching concept,NA,NA,
4055828,Urine ketone test negative,NA,NA,t
257007,Allergic rhinitis,NA,NA,
45768910,Uncomplicated asthma,NA,NA,
195083,Left lower quadrant pain,GI,GI,t
4198267,Urine nitrite negative,UTI,UTI,
436070,Vitamin D deficiency,NA,NA,
27674,Nausea and vomiting,GI,GI,
25297,Acute pharyngitis,respiratory,respiratory,
4245252,Raised prostate specific antigen,NA,NA,
4270932,Pain in testicle,genital,genital,
313217,Atrial fibrillation,NA,NA,
4198266,Urine nitrite positive,UTI_inf,UTI_inf,
372328,Otitis media,ENT_inf,ENT_inf,
141323,Acute maxillary sinusitis,ENT_inf,ENT_inf,
31967,Nausea,GI,GI,t
37018854,Hematuria co-occurrent and due to acute cystitis,UTI_inf,UTI_inf,
443597,Chronic kidney disease stage 3,NA,NA,
4041882,Urine protein test negative,UTI,UTI,
434005,Morbid obesity,NA,NA,
4260535,Diverticulitis of large intestine,GI_inf,GI_inf,
256451,Bronchitis,respiratory,respiratory,
4175297,Lower respiratoryiratory tract infection,lrti_inf,lrti_inf,t
378253,Headache,NA,NA,
192450,Retention of urine,NA,NA,
435796,Dehydration,NA,NA,
438398,Leukocytosis,infection,infection,t
434613,Generalized anxiety disorder,NA,NA,
4056621,Recurrent urinary tract infection,UTI_inf,UTI_inf,
257012,Chronic sinusitis,ENT,ENT,
75860,Constipation,GI,GI,
74174,Urinary symptoms,UTI,UTI,
24134,Neck pain,NA,NA,
197988,Generalized abdominal pain,NA,NA,
436096,Chronic pain,NA,NA,
78193,Orchitis and epididymitis,genital_inf,genital_inf,
4041884,Urine blood test = negative,UTI,UTI,
442588,Obstructive sleep apnea syndrome,NA,NA,
198803,Benign prostatic hyperplasia,NA,NA,
374375,Impacted cerumen,NA,NA,
4280571,Acute pyelonephritis,UTI_inf,UTI_inf,
4276422,Finding related to casts on urine microscopy,UTI,UTI,
4150043,Epididymitis,genital_inf,genital_inf,
201916,Ureteric stone,NA,NA,
319835,Congestive heart failure,NA,NA,
4154774,Pulse regular,NA,NA,
4079750,Osteoarthritis of knee,NA,NA,
193322,Right lower quadrant pain,GI,GI,t
80180,Osteoarthritis,NA,NA,
4182562,Lower abdominal pain,NA,NA,
380733,Otalgia,ENT,ENT,
437113,Asthenia,NA,NA,
437833,Hypokalemia,NA,NA,
4042234,Abnormal urinalysis,UTI,UTI,
316139,Heart failure,NA,NA,
140648,Onychomycosis due to dermatophyte,NA,NA,t
4055297,Urine blood test = +++,UTI,UTI,
4154290,Paroxysmal atrial fibrillation,NA,NA,
32865,Patient self-report,NA,NA,
4215261,Urine leukocyte test = +++,UTI_inf,UTI_inf,
433316,Dizziness and giddiness,NA,NA,
4307774,Acute lower respiratory tract infection,lrti_inf,lrti_inf,t
78232,Shoulder joint pain,NA,NA,
36713918,Somatic dysfunction of lumbar region,NA,NA,
375281,Acute suppurative otitis media without spontaneous rupture of ear drum,ENT_inf,ENT_inf,
4103199,Finding of pulse rate,NA,NA,
4215263,Urine leukocyte test negative,UTI,UTI,
4213540,Cervical somatic dysfunction,NA,NA,
4042233,Urinalysis = no abnormality,UTI,UTI,
435515,Hypo-osmolality and or hyponatremia,NA,NA,
79908,Muscle weakness,NA,NA,
436659,Iron deficiency anemia,NA,NA,
4215260,Urine leukocyte test = ++,UTI_inf,UTI_inf,
194997,Prostatitis,genital,genital,t
4077498,Leukocytes in urine,UTI_inf,UTI_inf,
36713926,Somatic dysfunction of thoracic region,NA,NA,
4134121,Lumbar radiculopathy,NA,NA,
44782429,Chronic kidney disease due to hypertension,NA,NA,
436962,Insomnia,NA,NA,
321052,Peripheral vascular disease,NA,NA,
4171917,Localized edema,NA,NA,
4041886,Urine blood test = ++,UTI,UTI,
256449,Bronchiectasis,respiratory,respiratory,
4042241,Urine protein test = +,UTI,UTI,
256439,Allergic rhinitis due to pollen,NA,NA,
4042246,Urine blood test = +,UTI,UTI,
200962,Primary malignant neoplasm of prostate,onc,onc,t
4192174,Illness,NA,NA,
138825,Actinic keratosis,NA,NA,
43531578,Chronic kidney disease due to type 2 diabetes mellitus,NA,NA,
439297,Nuclear senile cataract,NA,NA,
4170554,Hip pain,NA,NA,
193522,Acute prostatitis,genital,genital,t
46271022,Chronic kidney disease,NA,NA,
46271075,Acute hypoxemic respiratory failure,NA,NA,
443769,Degeneration of lumbar intervertebral disc,NA,NA,
134736,Backache,NA,NA,
197381,Epigastric pain,NA,NA,
42537748,Acquired absence of organ,NA,NA,
442752,Muscle pain,NA,NA,
442793,Complication due to diabetes mellitus,NA,NA,
376065,Disorder of nervous system due to type 2 diabetes mellitus,NA,NA,
438485,Postoperative state,NA,NA,
80502,Osteoporosis,NA,NA,t
141932,Senile hyperkeratosis,NA,NA,
440704,Chronic pain syndrome,NA,NA,
444070,Tachycardia,NA,NA,
444101,Hypertensive heart failure,NA,NA,
762297,Pain in right knee,NA,NA,
37017432,Polyneuropathy due to type 2 diabetes mellitus,NA,NA,
436230,Blood chemistry abnormal,NA,NA,
4077577,Moderate recurrent major depression,NA,NA,
312998,Pain in thoracic spine,NA,NA,
195588,Cystitis,UTI,UTI,t
437390,Hypoxemia,NA,NA,
4336157,Acute non-infective otitis externa,NA,NA,
4145808,Diarrhea symptom,GI,GI,
4147829,Pain in pelvis,GI,GI,t
4055825,Urine protein test = ++,UTI,UTI,
4164898,Diverticulosis of large intestine without diverticulitis,NA,NA,t
762289,Pain in left knee,NA,NA,
762294,Pain in right foot,NA,NA,
4181965,Chronic ulcer of foot,skin,skin,
435517,Acidosis,NA,NA,
4041285,Urogenital finding,NA,NA,
135777,Neoplasm of uncertain behavior of skin,NA,NA,t
437677,Abnormal findings on diagnostic imaging of lung,NA,NA,
4102774,Productive cough,respiratory,respiratory,
4182210,Dementia,NA,NA,
765131,Pain in left foot,NA,NA,
4214594,Urine leukocyte test = +,UTI_inf,UTI_inf,
75004,Frank hematuria,UTI,UTI,
4346975,Lumbar spondylosis,NA,NA,
31317,Dysphagia,NA,NA,
4133224,Lobar pneumonia,pneumonia_inf,pneumonia_inf,t
4111231,Pain in toe,NA,NA,
136788,Spinal stenosis of lumbar region,NA,NA,
36714126,Difficulty walking,NA,NA,
40405599,Fibromyalgia,NA,NA,
378427,Tear film insufficiency,NA,NA,
372448,Loss of consciousness,NA,NA,
432545,Bacterial infectious disease,Infection,Infection,
432545,Bacterial infectious disease,Infection,Infection,
433811,Hydronephrosis,NA,NA,
40479576,Chronic diastolic heart failure,NA,NA,
317002,Low blood pressure,NA,NA,
315078,Palpitations,NA,NA,
4177206,Tubulointerstitial nephritis,UTI_inf,UTI_inf,
437246,Vitamin B deficiency,NA,NA,
4141360,Chronic atrial fibrillation,NA,NA,
4110056,Chronic obstructive pulmonary disease with acute lower respiratory infection,lrti_inf,lrti_inf,t
4174262,Polyneuropathy,NA,NA,
372324,Eustachian tube disorder,ent,ent,t
198263,Right upper quadrant pain,NA,NA,t
45768812,Anemia in chronic kidney disease,NA,NA,
432870,Thrombocytopenic disorder,Haem,Haem,t
440029,Viral disease,NA,NA,t
40304526,Nocturia,NA,NA,
320536,Electrocardiogram abnormal,NA,NA,
42537304,Hydronephrosis co-occurrent and due to calculus of kidney and ureter,NA,NA,
40483287,Disorder of kidney and/or ureter,UTI,UTI,
140214,Eruption,NA,NA,
137809,Primary malignant neoplasm of female breast,onc,onc,t
4272240,Malaise,NA,NA,
193782,End-stage renal disease,NA,NA,
4166257,Allergic reaction to drug,NA,NA,
317009,Asthma,NA,NA,
4141224,Diverticulitis,GI,GI,
4152353,Loin pain,UTI,UTI,t
4055824,Urine protein test = trace,UTI,UTI,
4184319,Acute epididymitis,genital,genital,t
381859,Infective otitis externa,ENT_inf,ENT_inf,t
4156945,Urine micr.:leukocytes present,UTI,UTI,
441840,Clinical finding,NA,NA,
44812674,Bowel cancer screening programme faecal occult blood test normal,NA,NA,
4017183,Asthma not disturbing sleep,NA,NA,
4052467,Exercise grading,NA,NA,
4171915,Orchitis,genital,genital,t
4080395,Blood group O Rh(D) positive,NA,NA,
4082948,Blood group A Rh(D) positive,NA,NA,
35207668,Essential (primary) hypertension,NA,NA,
35225363,Allergy status to penicillin,NA,NA,
37110444,Harmful pattern of use of nicotine,NA,NA,
4186043,American Society of Anesthesiologists physical status class 3,NA,NA,
35209273,"Acute kidney failure, unspecified",UTI,UTI,
4301897,At risk for infection,NA,NA,t
254061,Pleural effusion,respiratory,respiratory,t
4068155,Atrial arrhythmia,NA,NA,
315286,Chronic ischemic heart disease,NA,NA,
4175555,Blood group B Rh(D) positive,NA,NA,
434547,Complication of surgical procedure,NA,NA,
4043371,Inflammatory disorder of digestive tract,NA,NA,
440689,Agranulocytosis,haem,haem,t
35205553,"Sepsis, unspecified organism",bloodstream_inf,bloodstream_inf,
35205553,"Sepsis, unspecified organism",bloodstream_inf,bloodstream_inf,
35205553,"Sepsis, unspecified organism",bloodstream_inf,bloodstream_inf,
35205553,"Sepsis, unspecified organism",bloodstream_inf,bloodstream_inf,
440383,Depressive disorder,NA,NA,
440320,Infection due to Escherichia coli,infection_inf,infection_inf,t
35206882,Type 2 diabetes mellitus without complications,NA,NA,
37017452,Drug resistance to antibacterial agent,infection_inf,infection_inf,t
314666,Old myocardial infarction,NA,NA,
1576227,Personal history of diseases of the circulatory system,NA,NA,
4184967,American Society of Anesthesiologists physical status class 2,NA,NA,
1569174,Unspecified atrial fibrillation and atrial flutter,NA,NA,
4201745,Disorder of digestive system,NA,NA,
1576005,Encounter for screening for other viral diseases,NA,NA,
443611,Chronic kidney disease stage 5,NA,NA,t
4008261,Infection due to Pseudomonas aeruginosa,infection_inf ,infection_inf ,t
35225371,"Allergy status to other drugs, medicaments and biological substances",NA,NA,
1576279,Personal history of drug therapy,NA,NA,
261880,Atelectasis,respiratory,respiratory,t
35211390,Age-related physical debility,NA,NA,
1576000,Encounter for observation for other suspected diseases and conditions ruled out,NA,NA,
35208081,"Pleural effusion, not elsewhere classified",respiratory,respiratory,
140352,"Acute myeloid leukemia, disease",onc,onc,t
4059015,Falls,NA,NA,
35207953,"Lobar pneumonia, unspecified organism",pneumonia_inf,pneumonia_inf,t
440005,Complication of medical care,NA,NA,
439846,Left heart failure,NA,NA,
37311319,Hypovolemia,NA,NA,
35225364,Allergy status to other antibiotic agents,NA,NA,
317576,Coronary arteriosclerosis,NA,NA,
35208023,Chronic obstructive pulmonary disease with (acute) lower respiratory infection,LRTI_inf,LRTI_inf,t
35209324,"Urinary tract infection, site not specified",UTI_inf,UTI_inf,t
35207706,"Chronic ischemic heart disease, unspecified",NA,NA,
1570359,"Osteoarthritis, unspecified site",NA,NA,
36712821,Postprocedural infection,infection_inf,infection_inf,t
42539582,Acquired absence of genital organ,NA,NA,
197304,Ulcer of lower extremity,skin,skin,t
373995,Delirium,NA,NA,
1569650,Constipation,GI,GI,t
435613,Cellulitis,skin_inf,skin_inf,t
4201388,Gastrostomy present,GI,GI,t
35209276,"Chronic kidney disease, stage 3 (moderate)",NA,NA,
381591,Cerebrovascular disease,NA,NA,
42537730,Coronary artery graft present,implant,implant,t
434004,Hypervolemia,NA,NA,
35207155,"Major depressive disorder, single episode, unspecified",NA,NA,
1569518,Pulmonary collapse,respiratory,respiratory,
73553,Arthropathy,NA,NA,
4280828,Infectious disease carrier,infection_inf,infection_inf,t
442019,Complication of procedure,NA,NA,
1569489,Other and unspecified asthma,NA,NA,
35225155,Encounter for palliative care,NA,NA,
35225031,Nosocomial condition,infection_inf,infection_inf,t
1572228,Retention of urine,NA,NA,
35211335,Repeated falls,NA,NA,
35207702,Old myocardial infarction,NA,NA,
201606,Crohn's disease,NA,NA,
35206757,"Anemia, unspecified",NA,NA,
35207956,"Pneumonia, unspecified organism",pneumonia_inf,pneumonia_inf,t
35211339,Unspecified urinary incontinence,NA,NA,
78097,Secondary malignant neoplasm of bone,onc,onc,t
433125,Infection due to Staphylococcus aureus,infection_inf,infection_inf,t
44806773,Secondary malignant neoplasm of liver and intrahepatic bile duct,onc,onc,t
1576293,Presence of orthopedic joint implants,implant,implant,t
35206859,"Hypothyroidism, unspecified",NA,NA,
35207098,Hypokalemia,NA,NA,
42537729,Aortocoronary bypass graft present,implant,implant,t
35225420,Presence of urogenital implants,implant,implant,t
35208025,"Chronic obstructive pulmonary disease, unspecified",respiratory,respiratory,t
4320824,Adverse effect of prosthetic device,implant,implant,t
35209278,"Chronic kidney disease, stage 5",NA,NA,
35207918,"Hypotension, unspecified",NA,NA,
313459,Sleep apnea,NA,NA,
35208263,Diaphragmatic hernia without obstruction or gangrene,NA,NA,
42537741,Transplant present,transplant,transplant,t
35206992,"Vitamin D deficiency, unspecified",NA,NA,
35207173,"Anxiety disorder, unspecified",NA,NA,
4082947,Blood group O Rh(D) negative,NA,NA,
1569643,Diverticular disease of large intestine without perforation or abscess,GI,GI,t
35225369,Allergy status to analgesic agent,NA,NA,
42539502,Transplanted kidney present,transplant,transplant,t
321318,Angina pectoris,NA,NA,
197032,Hyperplasia of prostate,NA,NA,
35206695,"Iron deficiency anemia, unspecified",NA,NA,
437233,Multiple myeloma,onc,onc,t
4137220,Diabetic glomerulonephritis,NA,NA,
1576268,"Allergy status, other than to drugs and biological substances",NA,NA,
702953,Emergency use of U07.1 | COVID-19,NA,NA,
4174977,Retinopathy due to diabetes mellitus,NA,NA,
439928,Gangrenous disorder,skin,skin,t
1569819,Pressure ulcer of back,skin,skin,t
35209279,"Chronic kidney disease, unspecified",NA,NA,
1568077,Volume depletion,NA,NA,
200528,Ascites,NA,NA,
35225395,Personal history of chemotherapy for neoplastic disease,NA,NA,
46273390,Dependence on respirator,NA,NA,
380378,Epilepsy,NA,NA,
1576226,Personal history of diseases of the nervous system and sense organs,NA,NA,
4080397,Blood group A Rh(D) negative,NA,NA,
35207093,Hypo-osmolality and hyponatremia,NA,NA,
1569647,"Diverticular disease of intestine, part unspecified, without perforation or abscess",GI,GI,t
4186042,American Society of Anesthesiologists physical status class 1,NA,NA,
40493038,Sepsis due to Gram negative bacteria,bloodstream_inf,bloodstream_inf,
438878,Liver function tests abnormal,NA,NA,
4211334,American Society of Anesthesiologists physical status class 4,NA,NA,
35207060,Pure hypercholesterolemia,NA,NA,
43021258,Infection associated with implant,implant_inf,implant_inf,t
439926,Malaise and fatigue,NA,NA,
1567287,Sepsis due to other Gram-negative organisms,bloodstream_inf,bloodstream_inf,t
35207683,"Angina pectoris, unspecified",NA,NA,
35207836,Other specified cerebrovascular diseases,NA,NA,
443731,Renal disorder due to type 2 diabetes mellitus,NA,NA,
4022073,Dependence on wheelchair,NA,NA,
35208190,Gastro-esophageal reflux disease without esophagitis,NA,NA,
443733,Disorder of eye due to type 2 diabetes mellitus,NA,NA,
4080396,Blood group AB Rh(D) positive,NA,NA,
443729,Peripheral circulatory disorder due to type 2 diabetes mellitus,NA,NA,
35208059,Pneumonitis due to inhalation of food and vomit,NA,NA,
254591,Secondary malignant neoplasm of lung,onc,onc,t
1569492,Bronchiectasis,respiratory,respiratory,t
35211524,Abnormal results of liver function studies,NA,NA,
35225377,Acquired absence of other specified parts of digestive tract,NA,NA,
4260546,Ulcerative stomatitis,GI_inf,GI_inf,
35207024,"Obesity, unspecified",NA,NA,
434610,Hyperkalemia,NA,NA,
35208022,"Emphysema, unspecified",respiratory,respiratory,
4309912,Generally unwell,NA,NA,
35207793,"Heart failure, unspecified",NA,NA,
4009877,Immobile,NA,NA,
4268911,Disorientated,NA,NA,
261325,Pulmonary emphysema,respiratory,respiratory,
1569849,"Non-pressure chronic ulcer of lower limb, not elsewhere classified",skin,skin,t
1572219,Other abnormalities of gait and mobility,NA,NA,
35225436,Dependence on renal dialysis,NA,NA,
201061,Diaphragmatic hernia,NA,NA,
442165,Loss of appetite,NA,NA,
1572204,Aphagia and dysphagia,NA,NA,
314658,Cardiomegaly,Cardio,Cardio,t
440674,Gout,NA,NA,
1576230,Personal history of diseases of the digestive system,NA,NA,
4108814,Pericardial effusion - noninflammatory,NA,NA,
137945,Pressure ulcer stage 2,skin,skin,t
4041885,Urine: trace hemolyzed blood,UTI,UTI,
35207800,Cardiomegaly,Cardio,Cardio,t
24609,Hypoglycemia,NA,NA,
1576232,Personal history of diseases of genitourinary system,NA,NA,
4041664,Difficulty breathing,NA,NA,t
443600,Localized infection of skin AND/OR subcutaneous tissue,skin_inf,skin_inf,
440417,Pulmonary embolism,NA,NA,
4249827,Infection due to resistant bacteria,infection_inf,infection_inf,t
35207860,"Peripheral vascular disease, unspecified",NA,NA,
35225393,Personal history of irradiation,NA,NA,t
437312,Bleeding,NA,NA,
197672,Urinary incontinence,NA,NA,
4055826,Urine protein test = +++,UTI,UTI,
35207094,Acidosis,NA,NA,
1569742,Cellulitis and acute lymphangitis of other parts of limb,skin_inf,skin_inf,
4008576,Diabetes mellitus without complication,NA,NA,
35208756,"Gout, unspecified",NA,NA,
192963,Disorder of pancreas,NA,NA,
4059290,Steatosis of liver,NA,NA,
435459,Staphylococcal infectious disease,infection_inf,infection_inf,t
1576035,Contact with and (suspected) exposure to other communicable diseases,NA,NA,t
35225368,Allergy status to narcotic agent,NA,NA,
80809,Rheumatoid arthritis,NA,NA,
257907,Disorder of lung,respiratory,respiratory,t
37109843,Absence of lower limb,NA,NA,
377889,Hearing loss,NA,NA,
35207936,Other viral pneumonia,respiratory,respiratory,t
36716712,Calculus of gallbladder without cholecystitis or cholangitis,NA,NA,
4102986,Disorder of psychological development,NA,NA,
35207097,Hyperkalemia,NA,NA,
35211294,Fecal incontinence,NA,NA,
4064161,Cirrhosis of liver,NA,NA,
1567458,Coronavirus as the cause of diseases classified elsewhere,respiratory,respiratory,t
1571518,Benign prostatic hyperplasia,NA,NA,
35211400,Localized edema,NA,NA,
134305,Acute lymphoid leukemia,onc,onc,t
198964,Chronic hepatitis C,NA,NA,t
1569688,Calculus of gallbladder without cholecystitis,NA,NA,
136580,Dehiscence of surgical wound,NA,NA,
1576263,Acquired absence of genital organ(s),NA,NA,
4300704,Diffuse large B-cell lymphoma (nodal/systemic with skin involvement),onc,onc,t
1576214,Personal history of malignant neoplasms of other organs and systems,NA,NA,t
35206035,Escherichia coli [E. coli ] as the cause of diseases classified elsewhere,infection_inf ,infection_inf ,t
29735,Candidiasis of mouth,NA,NA,t
137829,Aplastic anemia,Haem,Haem,t
436339,Bacterial infection due to Klebsiella pneumoniae,infection_inf,infection_inf,t
43021974,Complication associated with device,Complication,Complication,t
192568,Secondary malignant neoplasm of intra-abdominal lymph nodes,Onc,Onc,t
4168700,Localized enlarged lymph nodes,NA,NA,t
1569081,Unspecified hearing loss,NA,NA,
35225413,Presence of cardiac pacemaker,NA,NA,
1569771,Irritant contact dermatitis due to other agents,NA,NA,
45605907,"Respiratory failure, unspecified with hypoxia",respiratory,respiratory,t
437828,Disorder of calcium metabolism,NA,NA,t
441267,Cystic fibrosis,respiratory,respiratory,
254320,Cystic fibrosis of the lung,respiratory,respiratory,
35207099,Fluid overload,NA,NA,
194984,Disease of liver,NA,NA,
35206038,Pseudomonas (aeruginosa) (mallei) (pseudomallei) as the cause of diseases classified elsewhere,infection_inf,infection_inf,t
35209298,"Cyst of kidney, acquired",NA,NA,t
35211346,"Disorientation, unspecified",NA,NA,
4187218,Pneumonitis due to inhaled substance,respiratory,respiratory,t
75909,Disorder of bone,NA,NA,
4085156,Developmental academic disorder,NA,NA,
44788757,Urine leucocyte test = trace,UTI,UTI,
45567284,"Respiratory failure, unspecified, unspecified whether with hypoxia or hypercapnia",respiratory,respiratory,
435243,Alcohol dependence,NA,NA,
4197819,Fibrosis of lung,respiratory,respiratory,
4201717,Ileostomy present,NA,NA,t
35206889,"Hypoglycemia, unspecified",NA,NA,
1572203,Nausea and vomiting,NA,NA,t
35207970,Unspecified acute lower respiratory infection,respiratory_inf,respiratory_inf,t
35225414,Presence of aortocoronary bypass graft,implant,implant,t
437758,Dependence on enabling machine or device,NA,NA,
1567455,Other specified bacterial agents as the cause of diseases classified elsewhere,Infection,Infection,t
4092879,Absent kidney,NA,NA,
133853,Osteomyelitis of ankle AND/OR foot,Bone_joint_inf,Bone_joint_inf,t
4169095,Bradycardia,NA,NA,t
35207557,Unspecified glaucoma,NA,NA,
35225418,Presence of coronary angioplasty implant and graft,implant,implant,t
432851,Secondary malignant neoplastic disease,onc,onc,t
192671,Gastrointestinal hemorrhage,GI,GI,
196925,Secondary malignant neoplasm of retroperitoneum and peritoneum,onc,onc,t
193518,Intestinal obstruction,GI,GI,
4339214,Secondary pulmonary hypertension,NA,NA,
35206772,"Thrombocytopenia, unspecified",haem,haem,t
36716270,Cyst of kidney,NA,NA,
35207114,Unspecified dementia,NA,NA,
443962,Mitral valve regurgitation,NA,NA,
4111566,Disorders of both mitral and tricuspid valves,NA,NA,
36715792,Acquired absence of breast,NA,NA,
1568072,Disorders of magnesium metabolism,NA,NA,
35207545,Unspecified cataract,NA,NA,
35207733,Nonrheumatic aortic (valve) stenosis,NA,NA,
201340,Gastritis,GI,GI,
35206332,Secondary malignant neoplasm of liver and intrahepatic bile duct,onc,onc,t
4305080,Abnormal breathing,NA,NA,t
1568327,"Epilepsy, unspecified",NA,NA,
35208753,"Rheumatoid arthritis, unspecified",NA,NA,
35211301,Other fecal abnormalities,NA,NA,
35206988,Deficiency of other specified B group vitamins,NA,NA,
261236,"Primary malignant neoplasm of upper lobe, bronchus or lung",onc,onc,t
35207792,"Left ventricular failure, unspecified",NA,NA,
40484102,Abnormal finding on evaluation procedure,NA,NA,
433595,Edema,NA,NA,
437779,Streptococcal infectious disease,infection_inf,infection_inf,t
4189343,Aortic valve stenosis,NA,NA,
377091,Seizure,NA,NA,
433753,Alcohol abuse,NA,NA,
441829,Hyperosmolality and or hypernatremia,NA,NA,
1568073,Disorders of calcium metabolism,NA,NA,
1572227,Hematuria,UTI,UTI,
35208359,"Fatty (change of) liver, not elsewhere classified",NA,NA,
320073,Neutropenia,Haem,Haem,t
433716,Primary malignant neoplasm of testis,onc,onc,t
1568366,Sleep apnea,NA,NA,
35207709,Other secondary pulmonary hypertension,NA,NA,
1568071,Disorders of phosphorus metabolism and phosphatases,NA,NA,
4041883,Urine protein test = ++++,UTI_inf,UTI_inf,
4055292,Urine ketone test = trace,UTI,UTI,
197605,Inflammatory disorder of male genital organ,genital,genital,t
1576223,Personal history of infectious and parasitic diseases,NA,NA,t
4042244,Urine ketone test = ++,UTI,UTI,
4055289,Urine glucose test = ++++,NA,NA,
433405,Proteus infection,infection_inf,infection_inf,t
437541,Glaucoma,NA,NA,
1567865,Neutropenia,Haem,Haem,t
1572282,Other specified abnormal findings of blood chemistry,NA,NA,
4024567,Respiratory finding,NA,NA,t
42538119,Transplanted heart valve present,transplant,transplant,t
439751,Secondary malignant neoplasm of intrathoracic lymph nodes,onc,onc,t
443612,Chronic kidney disease stage 4,NA,NA,
35209277,"Chronic kidney disease, stage 4 (severe)",NA,NA,
195856,Cholangitis,GI,GI,t
35205820,Candidal stomatitis,NA,NA,t
261687,Hemoptysis,respiratory,respiratory,
314059,Right bundle branch block,NA,NA,
4170145,Absence of lung,NA,NA,
4176898,Complication of urinary catheter,Complication,Complication,t
35211261,"Tachycardia, unspecified",NA,NA,
192680,Portal hypertension,NA,NA,
201066,Obstruction of bile duct,NA,NA,
374022,Hemiplegia,NA,NA,
439674,Chronic viral hepatitis B without delta-agent,NA,NA,t
4087682,Diabetic foot,skin,skin,t
4291025,Arthritis,NA,NA,
314965,Embolism and thrombosis of an arm or leg artery,NA,NA,
443605,Vascular dementia,NA,NA,
35207916,Orthostatic hypotension,NA,NA,
35225404,Kidney transplant status,transplant,transplant,t
72418,Scoliosis deformity of spine,NA,NA,
72986,Disorder of lower leg,NA,NA,
81893,Ulcerative colitis,GI,GI,
200447,Gastrointestinal complication,GI,GI,
433968,Candidiasis,NA,NA,t
1576211,Personal history of malignant neoplasm of genital organs,NA,NA,t
36714388,Influenza caused by seasonal influenza virus,respiratory,respiratory,t
376112,Polyneuropathy due to diabetes mellitus,NA,NA,
438120,Opioid dependence,NA,NA,
35207065,"Hyperlipidemia, unspecified",NA,NA,
35208776,"Osteoarthritis of knee, unspecified",NA,NA,
45766714,Inflammatory dermatosis,skin,skin,t
135340,Pressure ulcer stage 3,skin,skin,t
372887,Disorder of brain,CNS,CNS,t
436665,Bipolar disorder,NA,NA,
4006971,Tricuspid valve regurgitation,NA,NA,
35207784,Paroxysmal atrial fibrillation,NA,NA,
141663,Osteomyelitis,Bone_joint_inf,Bone_joint_inf,t
196463,Alcoholic cirrhosis,NA,NA,
438297,"Mechanical complication of cardiac device, implant AND/OR graft",complication,complication,t
1569134,Atherosclerotic heart disease of native coronary artery,NA,NA,
1571479,Other and unspecified hydronephrosis,NA,NA,
4096682,Bleeding from nose,NA,NA,
77310,Deep vein phlebitis and thrombophlebitis of the leg,NA,NA,
316866,Hypertensive disorder,NA,NA,
1572255,Malaise and fatigue,NA,NA,
35208504,"Dermatitis, unspecified",NA,NA,
253796,Pneumothorax,NA,NA,t
435783,Schizophrenia,NA,NA,
319041,Orthostatic hypotension,NA,NA,
4080398,Blood group B Rh(D) negative,NA,NA,
4127601,Referral to service,NA,NA,
316998,Left bundle branch block,NA,NA,
376337,Disorder of nervous system,NA,NA,
1569183,Other ill-defined heart diseases,NA,NA,
4201390,Colostomy present,NA,NA,t
375545,Cataract,NA,NA,
1567620,Secondary malignant neoplasm of lung,onc,onc,t
35206266,Malignant neoplasm of prostate,onc,onc,t
35208971,"Dorsalgia, unspecified",NA,NA,
19331,Infection following a procedure,Complication_inf,Complication_inf,
4308393,Mechanical complication of gastrointestinal prosthetic device,complication,complication,t
35207728,Nonrheumatic mitral (valve) insufficiency,NA,NA,
43530623,Sequela of cerebrovascular accident,NA,NA,
75897,Polyarthropathy,NA,NA,
4042140,Finding by site,NA,NA,
4201387,Tracheostomy present,NA,NA,
4256228,Respiratory failure,respiratory,respiratory,
4270024,Acute non-ST segment elevation myocardial infarction,NA,NA,
4311499,Primary malignant neoplasm of respiratory tract,onc,onc,t
36715430,Sepsis due to urinary tract infection,bloodstream_inf,bloodstream_inf,
196236,Septic shock,bloodstream_inf,bloodstream_inf,
197675,Incontinence of feces,NA,NA,
443454,Cerebral infarction,NA,NA,
195581,Peritoneal adhesion,NA,NA,
444094,Finding related to pregnancy,NA,NA,
4042245,Urine ketone test = +++,UTI,UTI,t
35225339,Personal history of malignant neoplasm of breast,NA,NA,t
45757571,Bilateral visual impairment,NA,NA,
1572207,Ascites,NA,NA,
1576287,Presence of other cardiac and vascular implants and grafts,implant,implant,t
35208287,Irritable bowel syndrome without diarrhea,NA,NA,
138994,Myelodysplastic syndrome (clinical),onc,onc,t
443412,Type 1 diabetes mellitus without complication,NA,NA,
4085245,No abnormality detected,NA,NA,
4108235,"Combined disorders of mitral, aortic and tricuspid valves",NA,NA,
4154783,Finding of general physiological development,NA,NA,
4245975,Hepatic failure,NA,NA,
135333,Pressure ulcer,Skin,Skin,t
195596,Chronic pancreatitis,GI,GI,
201337,Disorder of bladder,NA,NA,t
1576272,Patient's noncompliance with medical treatment and regimen,NA,NA,
35208511,"Psoriasis, unspecified",NA,NA,
1568100,Alcohol dependence,NA,NA,
1568411,"Hemiplegia, unspecified",NA,NA,
4134120,Cerebral palsy,NA,NA,
4248801,Disease due to Gram-positive coccus,infection_inf,infection_inf,t
35207359,"Alzheimer's disease, unspecified",NA,NA,
35211387,"Fever, unspecified",NA,NA,t
4123283,Disorder of stoma,GI,GI,t
4000609,Disorder of upper gastrointestinal tract,GI,GI,t
4025215,Emotional state finding,NA,NA,
4055829,Urine ketone test = +,UTI,UTI,
4179873,Degenerative disorder,NA,NA,
37311061,COVID-19,respiratory,respiratory,t
199074,Acute pancreatitis,GI,GI,
252351,Pneumonia due to Pseudomonas,respiratory_inf,respiratory_inf,t
320136,Disorder of respiratory system,respiratory,respiratory,
1572240,Other symptoms and signs involving cognitive functions and awareness,NA,NA,
4055293,Urine ketone test = ++++,UTI,UTI,t
4120088,Cardiac arrest with successful resuscitation,NA,NA,
4238808,Empyema of pleura,respiratory_inf,respiratory_inf,
4275423,Supraventricular tachycardia,NA,NA,
1568096,Alcohol abuse,NA,NA,
4162253,Primary malignant neoplasm of breast,onc,onc,t
4306292,Upper abdominal pain,NA,NA,
26727,Hematemesis,NA,NA,t
1576212,Personal history of malignant neoplasm of urinary tract,NA,NA,t
35208414,"Gastrointestinal hemorrhage, unspecified",GI,GI,t
35211269,Nonspecific low blood-pressure reading,NA,NA,
4027133,Complication of dialysis,NA,NA,
4241530,Asymptomatic human immunodeficiency virus infection,Infection,Infection,t
35208072,Other interstitial pulmonary diseases with fibrosis,respiratory,respiratory,t
35208367,Other specified diseases of liver,NA,NA,
35211391,Syncope and collapse,NA,NA,
197917,Disorder of biliary tract,NA,NA,
1567628,Secondary malignant neoplasm of bone and bone marrow,onc,onc,t
4193176,Musculoskeletal infective disorder,Bone_joint_inf,Bone_joint_inf,
35211512,Abnormal findings on diagnostic imaging of lung,NA,NA,t
43021250,Complication associated with orthopedic device,Complication,Complication,t
140168,Psoriasis,NA,NA,
4078925,Pulmonary edema,respiratory,respiratory,t
4103295,Ventricular tachycardia,NA,NA,
4153380,Disorder of carotid artery,NA,NA,
35206694,Other iron deficiency anemias,haem,haem,t
35207847,"Abdominal aortic aneurysm, without rupture",NA,NA,
198177,Abdominal aortic aneurysm,NA,NA,
319826,Secondary hypertension,NA,NA,t
321588,Heart disease,NA,NA,
442012,"Mechanical complication of genitourinary device, implant AND/OR graft",implant,implant,t
4014295,Single live birth,NA,NA,
4245842,Umbilical hernia,NA,NA,
72266,Secondary malignant neoplasm of pleura,onc,onc,t
201901,Abscess of liver,GI_inf,GI_inf,
1576229,Personal history of diseases of the respiratory system,NA,NA,t
4024561,Pain in lower limb,NA,NA,
4317258,Disorder of skin,NA,NA,
35225397,Gastrostomy status,NA,NA,
140708,Myelopathy due to another disorder,NA,NA,
317305,Stricture of artery,NA,NA,
320744,Complete atrioventricular block,NA,NA,
4103703,Melena,GI,GI,t
35225378,Acquired absence of kidney,NA,NA,
318096,Secondary malignant neoplasm of lymph node,onc,onc,t
433163,Deficiency of macronutrients,NA,NA,
435186,Disease due to Rhinovirus,NA,NA,t
1569825,Pressure ulcer of hip,skin,skin,t
4042239,Urine glucose test = +++,NA,NA,
4102631,Acute tubulointerstitial nephritis,NA,NA,
4308802,Cervical spondylosis,NA,NA,
35206030,Staphylococcus aureus as the cause of diseases classified elsewhere,Infection,Infection,t
35207092,Hyperosmolality and hypernatremia,NA,NA,
35208380,Cholangitis,GI_inf,GI_inf,
35224810,"Removal of other organ (partial) (total) as the cause of abnormal reaction of the patient, or of later complication, without mention of misadventure at the time of the procedure",NA,NA,
19475,"Infection and inflammatory reaction due to other cardiac and vascular devices, implants and grafts",implant_inf,implant_inf,t
77074,Joint pain,NA,NA,
192359,Renal failure syndrome,NA,NA,
196160,Fistula of intestine,GI,GI,t
1568344,"Migraine, unspecified",NA,NA,
1569149,Pulmonary embolism without acute cor pulmonale,NA,NA,
1569166,Other and unspecified right bundle-branch block,NA,NA,
4157454,"Primary malignant neoplasm of lower lobe, bronchus or lung",onc,onc,t
35207362,"Degenerative disease of nervous system, unspecified",NA,NA,
35211409,Abnormal weight loss,NA,NA,
35225399,Colostomy status,NA,NA,t
1575193,"Disruption of wound, not elsewhere classified",skin,skin,t
1576206,Personal history of malignant neoplasm of digestive organs,NA,NA,t
35207458,"Polyneuropathy, unspecified",NA,NA,
35209011,Fibromyalgia,NA,NA,
1569686,Calculus of gallbladder with acute cholecystitis,GI_inf,GI_inf,
35206331,Secondary malignant neoplasm of retroperitoneum and peritoneum,onc,onc,t
35207771,"Left bundle-branch block, unspecified",NA,NA,
35209281,Calculus of kidney,NA,NA,
35211309,Rash and other nonspecific skin eruption,NA,NA,
35225437,Dependence on wheelchair,NA,NA,
1568746,Degeneration of macula and posterior pole,NA,NA,
43530807,Allergic disposition,NA,NA,
1567959,Type 2 diabetes mellitus with ophthalmic complications,NA,NA,
1569588,"Unilateral inguinal hernia, without obstruction or gangrene",NA,NA,
35225398,Ileostomy status,NA,NA,t
1326588,"Acute myocardial infarction, unspecified",NA,NA,
35208412,Hematemesis,NA,NA,t
35209251,"Tubulo-interstitial nephritis, not specified as acute or chronic",NA,NA,
35225266,Dietary counseling and surveillance,NA,NA,
4217851,Suspected,NA,NA,
35208771,"Osteoarthritis of hip, unspecified",NA,NA,
432585,Blood coagulation disorder,haem,haem,t
1572191,Dyspnea,NA,NA,t
1569671,Alcoholic cirrhosis of liver,NA,NA,
1569815,Pressure ulcer of elbow,skin,skin,t
35207252,"Developmental disorder of scholastic skills, unspecified",NA,NA,
35208197,Barrett's esophagus,NA,NA,
1569682,Other and unspecified cirrhosis of liver,NA,NA,
1575304,"Infection and inflammatory reaction due to other internal prosthetic devices, implants and grafts",implant_inf,implant_inf,t
35206321,Secondary and unspecified malignant neoplasm of intra-abdominal lymph nodes,onc,onc,t
35207659,Rheumatic disorders of both mitral and tricuspid valves,Cardio,Cardio,t
35208427,"Local infection of the skin and subcutaneous tissue, unspecified",skin_inf,skin_inf,t
1571505,Other specified disorders of bladder,NA,NA,t
35206034,Klebsiella pneumoniae [K. pneumoniae] as the cause of diseases classified elsewhere,respiratory_inf,respiratory_inf,
435463,Herpesvirus infection,NA,NA,t
4322175,Late effect of complications of procedure,NA,NA,
35206026,Enterococcus as the cause of diseases classified elsewhere,GI_inf,GI_inf,
35206320,Secondary and unspecified malignant neoplasm of intrathoracic lymph nodes,onc,onc,t
35207722,Pericardial effusion (noninflammatory),NA,NA,
35208325,Peritoneal adhesions (postprocedural) (postinfection),NA,NA,t
35208834,Polymyalgia rheumatica,NA,NA,
35224805,"Surgical operation with implant of artificial internal device as the cause of abnormal reaction of the patient, or of later complication, without mention of misadventure at the time of the procedure",implant,implant,t
35225401,Other artificial openings of urinary tract status,NA,NA,t
192956,Cholecystitis,GI,GI,t
1569665,Unspecified hemorrhoids,NA,NA,
35225380,Personal history of self-harm,NA,NA,
1568111,Opioid dependence,NA,NA,
1575233,Mechanical complication of urinary catheter,NA,NA,
4309106,Aspiration pneumonia,respiratory_inf,respiratory_inf,t
35206747,"Aplastic anemia, unspecified",haem,haem,t
35206879,Type 1 diabetes mellitus without complications,NA,NA,
35207869,Stricture of artery,NA,NA,
1570704,Sciatica,NA,NA,
1576039,Carrier of other specified bacterial diseases,infection_inf,infection_inf,t
4000938,Bacterial sepsis,bloodstream_inf,bloodstream_inf,
35207911,"Lymphedema, not elsewhere classified",NA,NA,
35211397,Localized enlarged lymph nodes,NA,NA,t
35225091,Carrier of other intestinal infectious diseases,NA,NA,t
437169,Disorder of transplanted bone marrow,haem,haem,t
1569325,Raynaud's syndrome,NA,NA,
1569642,Diverticulitis of large intestine with perforation and abscess,GI_inf,GI_inf,t
1570694,"Other thoracic, thoracolumbar and lumbosacral intervertebral disc degeneration",NA,NA,
4180628,Disorder of body system,NA,NA,
4291649,Upper gastrointestinal bleeding,GI,GI,t
35207131,"Schizophrenia, unspecified",NA,NA,
35208365,Portal hypertension,NA,NA,
35208765,"Polyosteoarthritis, unspecified",NA,NA,
35208969,Low back pain,NA,NA,
35209256,Pyonephrosis,UTI_inf,UTI_inf,t
1569687,Calculus of gallbladder with other cholecystitis,GI,GI,t
35207671,Hypertensive chronic kidney disease with stage 5 chronic kidney disease or end stage renal disease,NA,NA,
35208324,"Peritonitis, unspecified",GI,GI,t
35211275,Cough,respiratory,respiratory,t
35225374,Acquired absence of breast and nipple,NA,NA,
1567965,Type 2 diabetes mellitus with neurological complications,NA,NA,
1569577,Other specified diseases of stomach and duodenum,NA,NA,
35205771,Chronic viral hepatitis C,NA,NA,t
35207023,Other obesity,NA,NA,
45538775,"Spinal stenosis, lumbar region",NA,NA,
1569842,Pressure ulcer of unspecified site,Skin,Skin,t
1571491,Unspecified contracted kidney,NA,NA,
35206283,"Malignant neoplasm of bladder, unspecified",Onc,Onc,t
35207329,Parkinson's disease,NA,NA,
35207658,Rheumatic disorders of both mitral and aortic valves,Cardio,Cardio,t
35207701,"Acute ischemic heart disease, unspecified",NA,NA,
35211262,"Bradycardia, unspecified",NA,NA,t
35211350,Dizziness and giddiness,NA,NA,
35224806,"Surgical operation with anastomosis, bypass or graft as the cause of abnormal reaction of the patient, or of later complication, without mention of misadventure at the time of the procedure",NA,NA,t
35225415,Presence of prosthetic heart valve,implant,implant,t
40487101,Clinical sepsis,bloodstream_inf,bloodstream_inf,
1567491,Malignant neoplasm of unspecified part of bronchus or lung,onc,onc,t
1568080,"Disorders of plasma-protein metabolism, not elsewhere classified",NA,NA,
1573644,Fracture of unspecified part of neck of femur,NA,NA,
1575203,"Other complications of procedures, not elsewhere classified",NA,NA,
1576220,Personal history of in-situ and benign neoplasms and neoplasms of uncertain behavior,NA,NA,t
35207365,Multiple sclerosis,NA,NA,
35207661,"Combined rheumatic disorders of mitral, aortic and tricuspid valves",Cardio,Cardio,t
35207821,"Cerebral infarction, unspecified",NA,NA,
35208189,Gastro-esophageal reflux disease with esophagitis,GI,GI,t
35208285,"Ileus, unspecified",GI,GI,t
35208871,"Spondylosis, unspecified",NA,NA,
35211412,Other symptoms and signs concerning food and fluid intake,NA,NA,
45575911,Fall due to bumping against object,NA,NA,
1567488,"Malignant neoplasm of upper lobe, bronchus or lung",NA,NA,t
1567958,Type 2 diabetes mellitus with kidney complications,NA,NA,
35207509,Other specified disorders of brain,NA,NA,
35207766,"Atrioventricular block, first degree",NA,NA,
35208260,Umbilical hernia without obstruction or gangrene,NA,NA,
35224819,"Urinary catheterization as the cause of abnormal reaction of the patient, or of later complication, without mention of misadventure at the time of the procedure",NA,NA,t
1569638,Other and unspecified intestinal obstruction,NA,NA,
1571177,Other specified disorders of bone density and structure,NA,NA,
1571571,Other and unspecified ovarian cysts,NA,NA,
1572199,Pain localized to upper abdomen,NA,NA,
1572222,Other symptoms and signs involving the nervous and musculoskeletal systems,NA,NA,
1576251,"Acquired absence of toe(s), foot, and ankle",NA,NA,
4230399,Closed fracture of hip,NA,NA,
35205578,Other bacterial infections of unspecified site,infection_inf,infection_inf,t
35207149,"Bipolar disorder, unspecified",NA,NA,
35207685,Non-ST elevation (NSTEMI) myocardial infarction,NA,NA,
35208398,Other specified diseases of pancreas,NA,NA,
35225421,Presence of intraocular lens,NA,NA,
440448,Appendicitis,GI,GI,t
1569632,"Ulcerative colitis, unspecified",GI,GI,
1569679,"Hepatic failure, unspecified",NA,NA,
1575295,"Mechanical complication of gastrointestinal prosthetic devices, implants and grafts",implant ,implant ,t
1576208,"Personal history of malignant neoplasm of trachea, bronchus and lung",NA,NA,t
35205420,Enterocolitis due to Clostridium difficile,GI_inf,GI_inf,
35208322,Generalized (acute) peritonitis,GI_inf,GI_inf,
35225417,Presence of other heart-valve replacement,implant,implant,t
194993,Intestinal malabsorption,GI,GI,
198104,Primary malignant neoplasm of adrenal gland,onc,onc,t
200164,Diaper rash,NA,NA,
201111,Renal dysplasia,NA,NA,t
316822,Heart murmur,Cardio,Cardio,t
440032,Cytomegalovirus infection,NA,NA,t
1569517,"Diseases of bronchus, not elsewhere classified",respiratory,respiratory,t
1569829,Pressure ulcer of buttock,Skin,Skin,t
1570567,Pain in hip,NA,NA,
35207781,Supraventricular tachycardia,NA,NA,
35208555,"Erythematous condition, unspecified",NA,NA,
40481101,Erythema of skin,Skin,skin,t
1567676,Multiple myeloma,onc,onc,t
1569573,"Gastritis, unspecified",GI_inf,GI_inf,
1569689,Calculus of bile duct with cholangitis,GI,GI,t
1570673,Spinal stenosis,NA,NA,
1572249,Dysphasia and aphasia,NA,NA,
1575219,Mechanical complication of other cardiac and vascular devices and implants,Complication,Complication,t
35207876,"Disorder of arteries and arterioles, unspecified",NA,NA,
35208024,Chronic obstructive pulmonary disease with (acute) exacerbation,NA,respiratory,t
35208368,"Liver disease, unspecified",NA,NA,
35211319,Other skin changes,NA,NA,
35224807,"Surgical operation with formation of external stoma as the cause of abnormal reaction of the patient, or of later complication, without mention of misadventure at the time of the procedure",Complication,Complication,t
35225375,Acquired absence of lung [part of],NA,NA,
1567867,Other specified disorders of white blood cells,Haem,Haem,t
1567966,Type 2 diabetes mellitus with circulatory complications,NA,NA,
1569274,Atherosclerosis of native arteries of extremities with intermittent claudication,NA,NA,
1569748,Cellulitis and acute lymphangitis of trunk,skin,skin,t
1571490,Other disorders resulting from impaired renal tubular function,NA,NA,
35206037,Proteus (mirabilis) (morganii) as the cause of diseases classified elsewhere,infection_inf,infection_inf,t
35207500,"Hydrocephalus, unspecified",CNS,CNS,t
35211361,Restlessness and agitation,NA,NA,
35225283,"Problem related to life management difficulty, unspecified",NA,NA,
35225365,Allergy status to sulfonamides,NA,NA,
198199,Pyelonephritis,UTI_inf,UTI_inf,
381316,Cerebrovascular accident,NA,NA,
1569220,Occlusion and stenosis of carotid artery,NA,NA,
1569399,Asymptomatic varicose veins of lower extremities,NA,NA,
1571494,Other specified disorders of kidney and ureter,UTI,UTI,t
1572452,Unspecified injury of face and head,NA,NA,
35206028,Other streptococcus as the cause of diseases classified elsewhere,infection_inf,infection_inf,t
35206696,Vitamin B12 deficiency anemia due to intrinsic factor deficiency,haem,haem,t
35207654,Rheumatic tricuspid insufficiency,cardio,cardio,t
35208372,"Cholecystitis, unspecified",GI,GI,t
35208413,Melena,NA,NA,t
35209253,Hydronephrosis with renal and ureteral calculous obstruction,NA,NA,
35211296,"Splenomegaly, not elsewhere classified",NA,NA,
135618,Pruritic rash,NA,NA,t
314171,Low blood pressure reading,NA,NA,
435788,Disorder of phosphorus metabolism,NA,NA,t
437247,Anemia of chronic disease,Haem,Haem,t
1567460,Other and unspecified infectious diseases,Infection,Infection,
1567626,Secondary malignant neoplasm of brain and cerebral meninges,onc,onc,t
1568224,Specific (isolated) phobias,NA,NA,
1568910,"Blindness, one eye",NA,NA,
1569574,Duodenitis,GI,GI,
1569617,"Crohn's disease, unspecified",GI,GI,
1569672,Alcoholic hepatic failure,NA,NA,
1570566,Pain in shoulder,NA,NA,
1572200,Pain localized to other parts of lower abdomen,NA,NA,
1572245,Other symptoms and signs involving emotional state,NA,NA,
1575238,Mechanical complication of other urinary devices and implants,Complication,Complication,t
1576118,Encounter for other specified aftercare,NA,NA,
1576237,Personal history of other specified conditions,NA,NA,
4091513,Passing flatus,NA,NA,
4121123,Hemophagocytic lymphohistiocytosis,onc,onc,t
4289309,Atrial septal defect,Cardio,Cardio,t
35206705,"Folate deficiency anemia, unspecified",haem,haem,t
35207095,Alkalosis,NA,NA,
35208080,Pyothorax without fistula,respiratory_inf,respiratory_inf,t
35208083,Pleural plaque without asbestos,respiratory,respiratory,t
35208218,"Duodenal ulcer, unspecified as acute or chronic, without hemorrhage or perforation",NA,NA,t
35208315,Perforation of intestine (nontraumatic),GI,GI,t
35209352,Other specified disorders of male genital organs,genital,genital,
35211405,Anorexia,NA,NA,
35224814,"Kidney dialysis as the cause of abnormal reaction of the patient, or of later complication, without mention of misadventure at the time of the procedure",Complication,Complication,t
35224821,"Other medical procedures as the cause of abnormal reaction of the patient, or of later complication, without mention of misadventure at the time of the procedure",Complication,Complication,t
1567568,Malignant neoplasm of ovary,onc,onc,t
1567631,Secondary malignant neoplasm of other specified sites,NA,NA,t
1567941,Type 1 diabetes mellitus with ketoacidosis,NA,NA,
1568232,Post-traumatic stress disorder (PTSD),NA,NA,
1569342,Phlebitis and thrombophlebitis of other and unspecified deep vessels of lower extremities,NA,NA,
1569500,Pulmonary edema,respiratory,respiratory,t
1572313,Superficial injury of scalp,NA,NA,
1572341,Superficial injury of other parts of head,NA,NA,
1575278,Infection and inflammatory reaction due to internal joint prosthesis,implant_inf,implant_inf,t
1576231,Personal history of diseases of the musculoskeletal system and connective tissue,NA,NA,
1576256,Acquired absence of leg below knee,NA,NA,
1576301,Presence of other specified functional implants,implant,implant,
1576312,Dependence on respirator,NA,NA,
35206319,"Secondary and unspecified malignant neoplasm of lymph nodes of head, face and neck",Onc,Onc,t
35206678,Monoclonal gammopathy,Haem,Haem,t
35207726,Acute and subacute infective endocarditis,Cardio_inf,Cardio_inf,
35208074,"Interstitial pulmonary disease, unspecified",respiratory,respiratory,
35208375,Perforation of gallbladder,GI,GI,
35208395,Other chronic pancreatitis,GI,GI,
35225290,Person awaiting admission to adequate facility elsewhere,NA,NA,
40484176,Neutropenic sepsis,bloodstream_inf,bloodstream_inf,
45538489,Chronic respiratory failure with hypoxia,respiratory,respiratory,
436583,Fall,NA,NA,
437038,Blood in urine,UTI,UTI,
1567630,Secondary malignant neoplasm of adrenal gland,onc,onc,t
1567682,Chronic lymphocytic leukemia of B-cell type,onc,onc,t
1568375,Carpal tunnel syndrome,NA,NA,
1569391,Varicose veins of lower extremities with inflammation,NA,NA,
1569691,Calculus of bile duct without cholangitis or cholecystitis,NA,NA,
1575224,"Other specified complications of cardiac and vascular prosthetic devices, implants and grafts",Cardio,Cardio,t
4084358,Referral to general practitioner,NA,NA,
4215140,Acute coronary syndrome,NA,NA,
35206248,Malignant neoplasm of endometrium,onc,onc,t
35207573,"Blindness, both eyes",NA,NA,
35207874,"Arteritis, unspecified",bloodstream,bloodstream,
35207941,Pneumonia due to Pseudomonas,respiratory_inf,respiratory_inf,t
35208087,"Pneumothorax, unspecified",respiratory,respiratory,t
35208188,Esophagitis,respiratory,respiratory,
35209255,Crossing vessel and stricture of ureter without hydronephrosis,NA,NA,
35211266,"Cardiac murmur, unspecified",cardio,cardio,t
35211356,Visual hallucinations,NA,NA,
35224811,"Other surgical procedures as the cause of abnormal reaction of the patient, or of later complication, without mention of misadventure at the time of the procedure",Complication,Complication,t
45590431,"Fall on same level from slipping, tripping and stumbling without subsequent striking against object",NA,NA,
1568118,Cannabis abuse,NA,NA,
1568939,Malignant otitis externa,ENT_inf,ENT_inf,
1572250,Other speech disturbances,NA,NA,
1573801,Unspecified superficial injury of knee and lower leg,NA,NA,
1576196,Family history of ischemic heart disease and other diseases of the circulatory system,NA,NA,
1576257,Acquired absence of leg above knee,NA,NA,
35206031,Other staphylococcus as the cause of diseases classified elsewhere,Infection,Infection,t
35206324,Secondary and unspecified malignant neoplasm of intrapelvic lymph nodes,onc,onc,t
35206750,Anemia in other chronic diseases classified elsewhere,Haem,Haem,t
35207169,Panic disorder [episodic paroxysmal anxiety],NA,NA,
35207662,Other rheumatic multiple valve diseases,Cardio,Cardio,t
35208386,Other specified diseases of biliary tract,NA,NA,
35208483,Generalized skin eruption due to drugs and medicaments taken internally,NA,NA,
35209339,"Hydrocele, unspecified",genital,genital,t
35211019,"Polycystic kidney, adult type",NA,NA,
35211020,"Polycystic kidney, unspecified",NA,NA,
35211358,"Hallucinations, unspecified",NA,NA,
35211362,Unhappiness,NA,NA,
35224815,"Radiological procedure and radiotherapy as the cause of abnormal reaction of the patient, or of later complication, without mention of misadventure at the time of the procedure",Complication,Complication,t
44809061,Acute kidney injury stage 1,NA,NA,
44809063,Acute kidney injury stage 3,NA,NA,
137989,Abnormal results of cardiovascular function studies,NA,NA,
197656,Medullary cystic disease of the kidney,NA,NA,
199991,Disorder of transplanted kidney,transplant,transplant,t
433701,Mycosis,Infection,Infection,t
435227,Nutritional deficiency disorder,NA,NA,
437992,Renal function tests abnormal,NA,NA,
438064,Bacterial infection due to Pseudomonas,infection_inf,infection_inf,t
443535,Infection due to enterococcus,infection_inf,infection_inf,t
4033802,Granulomatous disorder of the skin and subcutaneous tissue,NA,NA,
4093347,Stool finding,NA,NA,
4168222,"Intra-abdominal and pelvic swelling, mass and lump",NA,NA,
4198042,Disorder of bilirubin metabolism,NA,NA,
4214376,Hyperglycemia,NA,NA,
4279681,Hepatosplenomegaly,NA,NA,
45770886,Disorder of plasma protein metabolism,NA,NA,
133228,Dental caries,NA,NA,t
137275,Disorder of muscle,NA,NA,
138388,Secondary hyperparathyroidism,NA,NA,
138525,Pain in limb,NA,NA,
140027,Herpetic gingivostomatitis,NA,NA,t
140842,Changes in skin texture,NA,NA,
197676,Large liver,NA,NA,
200174,Disorder of skin and/or subcutaneous tissue,NA,NA,
200527,Splenomegaly,NA,NA,
254068,Disorder of upper respiratory system,respiratory,respiratory,
260131,Disorder of bronchus,respiratory,respiratory,
261883,Empyema with fistula,respiratory,respiratory,
315922,Patent ductus arteriosus,Cardio,Cardio,t
320835,Tetralogy of Fallot,Cardio,Cardio,t
373499,Disorder of eye region,NA,NA,
374025,Retinal hemorrhage,NA,NA,
374034,Visual disturbance,NA,NA,
432522,Transfusion reaction due to serum protein reaction,NA,NA,
433740,Immunodeficiency disorder,Haem,Haem,t
434008,White blood cell disorder,Haem,Haem,t
436238,Elevated level of transaminase and lactic acid dehydrogenase,NA,NA,
436957,Functional disorders of polymorphonuclear neutrophils,Haem,Haem,t
438725,Disorder of magnesium metabolism,NA,NA,
438730,Alkalosis,NA,NA,
439407,Disorder of nasal cavity,ENT,ENT,t
440072,Hypogammaglobulinemia,Haem,Haem,t
440276,"Infection AND/OR inflammatory reaction due to internal prosthetic device, implant AND/OR graft",implant,implant,t
440700,Communicating hydrocephalus,CNS,CNS,t
441744,Anti-infectives adverse reaction,NA,NA,
441830,Disorder of fluid AND/OR electrolyte,NA,NA,
444239,Postprocedural state finding,NA,NA,
4043738,Hydrocephalus,CNS,CNS,t
4055361,Generalized epilepsy,NA,NA,
4146116,Nystagmus and other irregular eye movements,NA,NA,
4168681,Irritability and anger,NA,NA,
4169106,Feeling unhappy,NA,NA,
4173078,Complication due to immunization,NA,NA,
4182847,Simple phobia,NA,NA,
43021227,Allergic condition,NA,NA,
